{
  "project_info": {
    "project_number": "677976060058",
    "firebase_url": "https://medibox-159c9-default-rtdb.asia-southeast1.firebasedatabase.app",
    "project_id": "medibox-159c9",
    "storage_bucket": "medibox-159c9.appspot.com"
  },
  "client": [
    {
      "client_info": {
        "mobilesdk_app_id": "1:677976060058:android:6f49dee21bee1c51c96f23",
        "android_client_info": {
          "package_name": "com.example.medimate"
        }
      },
      "oauth_client": [],
      "api_key": [
        {
          "current_key": "AIzaSyAznir20aDQWwdFyd3THzgyV1pDMxaSCHU"
        }
      ],
      "services": {
        "appinvite_service": {
          "other_platform_oauth_client": []
        }
      }
    },
    {
      "client_info": {
        "mobilesdk_app_id": "1:677976060058:android:91cfdcc003607e50c96f23",
        "android_client_info": {
          "package_name": "com.example.midimate"
        }
      },
      "oauth_client": [],
      "api_key": [
        {
          "current_key": "AIzaSyAznir20aDQWwdFyd3THzgyV1pDMxaSCHU"
        }
      ],
      "services": {
        "appinvite_service": {
          "other_platform_oauth_client": []
        }
      }
    }
  ],
  "configuration_version": "1"
}